-- MySQL dump 10.13  Distrib 8.0.37, for Win64 (x86_64)
--
-- Host: localhost    Database: kamlasqldb
-- ------------------------------------------------------
-- Server version	8.0.37

/*!40101 SET @OLD_CHARACTER_SET_CLIENT=@@CHARACTER_SET_CLIENT */;
/*!40101 SET @OLD_CHARACTER_SET_RESULTS=@@CHARACTER_SET_RESULTS */;
/*!40101 SET @OLD_COLLATION_CONNECTION=@@COLLATION_CONNECTION */;
/*!50503 SET NAMES utf8mb4 */;
/*!40103 SET @OLD_TIME_ZONE=@@TIME_ZONE */;
/*!40103 SET TIME_ZONE='+00:00' */;
/*!40014 SET @OLD_UNIQUE_CHECKS=@@UNIQUE_CHECKS, UNIQUE_CHECKS=0 */;
/*!40014 SET @OLD_FOREIGN_KEY_CHECKS=@@FOREIGN_KEY_CHECKS, FOREIGN_KEY_CHECKS=0 */;
/*!40101 SET @OLD_SQL_MODE=@@SQL_MODE, SQL_MODE='NO_AUTO_VALUE_ON_ZERO' */;
/*!40111 SET @OLD_SQL_NOTES=@@SQL_NOTES, SQL_NOTES=0 */;

--
-- Table structure for table `auth_group`
--

DROP TABLE IF EXISTS `auth_group`;
/*!40101 SET @saved_cs_client     = @@character_set_client */;
/*!50503 SET character_set_client = utf8mb4 */;
CREATE TABLE `auth_group` (
  `id` int NOT NULL AUTO_INCREMENT,
  `name` varchar(150) NOT NULL,
  PRIMARY KEY (`id`),
  UNIQUE KEY `name` (`name`)
) ENGINE=InnoDB DEFAULT CHARSET=utf8mb4 COLLATE=utf8mb4_0900_ai_ci;
/*!40101 SET character_set_client = @saved_cs_client */;

--
-- Dumping data for table `auth_group`
--

LOCK TABLES `auth_group` WRITE;
/*!40000 ALTER TABLE `auth_group` DISABLE KEYS */;
/*!40000 ALTER TABLE `auth_group` ENABLE KEYS */;
UNLOCK TABLES;

--
-- Table structure for table `auth_group_permissions`
--

DROP TABLE IF EXISTS `auth_group_permissions`;
/*!40101 SET @saved_cs_client     = @@character_set_client */;
/*!50503 SET character_set_client = utf8mb4 */;
CREATE TABLE `auth_group_permissions` (
  `id` bigint NOT NULL AUTO_INCREMENT,
  `group_id` int NOT NULL,
  `permission_id` int NOT NULL,
  PRIMARY KEY (`id`),
  UNIQUE KEY `auth_group_permissions_group_id_permission_id_0cd325b0_uniq` (`group_id`,`permission_id`),
  KEY `auth_group_permissio_permission_id_84c5c92e_fk_auth_perm` (`permission_id`),
  CONSTRAINT `auth_group_permissio_permission_id_84c5c92e_fk_auth_perm` FOREIGN KEY (`permission_id`) REFERENCES `auth_permission` (`id`),
  CONSTRAINT `auth_group_permissions_group_id_b120cbf9_fk_auth_group_id` FOREIGN KEY (`group_id`) REFERENCES `auth_group` (`id`)
) ENGINE=InnoDB DEFAULT CHARSET=utf8mb4 COLLATE=utf8mb4_0900_ai_ci;
/*!40101 SET character_set_client = @saved_cs_client */;

--
-- Dumping data for table `auth_group_permissions`
--

LOCK TABLES `auth_group_permissions` WRITE;
/*!40000 ALTER TABLE `auth_group_permissions` DISABLE KEYS */;
/*!40000 ALTER TABLE `auth_group_permissions` ENABLE KEYS */;
UNLOCK TABLES;

--
-- Table structure for table `auth_permission`
--

DROP TABLE IF EXISTS `auth_permission`;
/*!40101 SET @saved_cs_client     = @@character_set_client */;
/*!50503 SET character_set_client = utf8mb4 */;
CREATE TABLE `auth_permission` (
  `id` int NOT NULL AUTO_INCREMENT,
  `name` varchar(255) NOT NULL,
  `content_type_id` int NOT NULL,
  `codename` varchar(100) NOT NULL,
  PRIMARY KEY (`id`),
  UNIQUE KEY `auth_permission_content_type_id_codename_01ab375a_uniq` (`content_type_id`,`codename`),
  CONSTRAINT `auth_permission_content_type_id_2f476e4b_fk_django_co` FOREIGN KEY (`content_type_id`) REFERENCES `django_content_type` (`id`)
) ENGINE=InnoDB AUTO_INCREMENT=69 DEFAULT CHARSET=utf8mb4 COLLATE=utf8mb4_0900_ai_ci;
/*!40101 SET character_set_client = @saved_cs_client */;

--
-- Dumping data for table `auth_permission`
--

LOCK TABLES `auth_permission` WRITE;
/*!40000 ALTER TABLE `auth_permission` DISABLE KEYS */;
INSERT INTO `auth_permission` VALUES (1,'Can add permission',1,'add_permission'),(2,'Can change permission',1,'change_permission'),(3,'Can delete permission',1,'delete_permission'),(4,'Can view permission',1,'view_permission'),(5,'Can add group',2,'add_group'),(6,'Can change group',2,'change_group'),(7,'Can delete group',2,'delete_group'),(8,'Can view group',2,'view_group'),(9,'Can add content type',3,'add_contenttype'),(10,'Can change content type',3,'change_contenttype'),(11,'Can delete content type',3,'delete_contenttype'),(12,'Can view content type',3,'view_contenttype'),(13,'Can add departments',4,'add_departments'),(14,'Can change departments',4,'change_departments'),(15,'Can delete departments',4,'delete_departments'),(16,'Can view departments',4,'view_departments'),(17,'Can add intakes',5,'add_intakes'),(18,'Can change intakes',5,'change_intakes'),(19,'Can delete intakes',5,'delete_intakes'),(20,'Can view intakes',5,'view_intakes'),(21,'Can add sections',6,'add_sections'),(22,'Can change sections',6,'change_sections'),(23,'Can delete sections',6,'delete_sections'),(24,'Can view sections',6,'view_sections'),(25,'Can add user',7,'add_user'),(26,'Can change user',7,'change_user'),(27,'Can delete user',7,'delete_user'),(28,'Can view user',7,'view_user'),(29,'Can add profile',8,'add_profile'),(30,'Can change profile',8,'change_profile'),(31,'Can delete profile',8,'delete_profile'),(32,'Can view profile',8,'view_profile'),(33,'Can add student',9,'add_student'),(34,'Can change student',9,'change_student'),(35,'Can delete student',9,'delete_student'),(36,'Can view student',9,'view_student'),(37,'Can add teacher',10,'add_teacher'),(38,'Can change teacher',10,'change_teacher'),(39,'Can delete teacher',10,'delete_teacher'),(40,'Can view teacher',10,'view_teacher'),(41,'Can add log entry',11,'add_logentry'),(42,'Can change log entry',11,'change_logentry'),(43,'Can delete log entry',11,'delete_logentry'),(44,'Can view log entry',11,'view_logentry'),(45,'Can add session',12,'add_session'),(46,'Can change session',12,'change_session'),(47,'Can delete session',12,'delete_session'),(48,'Can view session',12,'view_session'),(49,'Can add common base model',13,'add_commonbasemodel'),(50,'Can change common base model',13,'change_commonbasemodel'),(51,'Can delete common base model',13,'delete_commonbasemodel'),(52,'Can view common base model',13,'view_commonbasemodel'),(53,'Can add upcoming exams',14,'add_upcomingexams'),(54,'Can change upcoming exams',14,'change_upcomingexams'),(55,'Can delete upcoming exams',14,'delete_upcomingexams'),(56,'Can view upcoming exams',14,'view_upcomingexams'),(57,'Can add class routine',15,'add_classroutine'),(58,'Can change class routine',15,'change_classroutine'),(59,'Can delete class routine',15,'delete_classroutine'),(60,'Can view class routine',15,'view_classroutine'),(61,'Can add assignments',16,'add_assignments'),(62,'Can change assignments',16,'change_assignments'),(63,'Can delete assignments',16,'delete_assignments'),(64,'Can view assignments',16,'view_assignments'),(65,'Can add announcements',17,'add_announcements'),(66,'Can change announcements',17,'change_announcements'),(67,'Can delete announcements',17,'delete_announcements'),(68,'Can view announcements',17,'view_announcements');
/*!40000 ALTER TABLE `auth_permission` ENABLE KEYS */;
UNLOCK TABLES;

--
-- Table structure for table `common_announcements`
--

DROP TABLE IF EXISTS `common_announcements`;
/*!40101 SET @saved_cs_client     = @@character_set_client */;
/*!50503 SET character_set_client = utf8mb4 */;
CREATE TABLE `common_announcements` (
  `commonbasemodel_ptr_id` char(32) NOT NULL,
  `announcement` varchar(500) NOT NULL,
  `image` varchar(100) DEFAULT NULL,
  `file` varchar(100) DEFAULT NULL,
  `department_id` char(32) NOT NULL,
  `intake_id` char(32) NOT NULL,
  `section_id` char(32) NOT NULL,
  `who_posted_id` char(32) NOT NULL,
  PRIMARY KEY (`commonbasemodel_ptr_id`),
  KEY `common_announcements_department_id_a58f6b23_fk_users_dep` (`department_id`),
  KEY `common_announcements_intake_id_2aea40cb_fk_users_intakes_uid` (`intake_id`),
  KEY `common_announcements_section_id_50928d64_fk_users_sections_uid` (`section_id`),
  KEY `common_announcements_who_posted_id_33ad2ca8_fk_users_student_uid` (`who_posted_id`),
  CONSTRAINT `common_announcements_commonbasemodel_ptr__24f0d41a_fk_common_co` FOREIGN KEY (`commonbasemodel_ptr_id`) REFERENCES `common_commonbasemodel` (`uid`),
  CONSTRAINT `common_announcements_department_id_a58f6b23_fk_users_dep` FOREIGN KEY (`department_id`) REFERENCES `users_departments` (`uid`),
  CONSTRAINT `common_announcements_intake_id_2aea40cb_fk_users_intakes_uid` FOREIGN KEY (`intake_id`) REFERENCES `users_intakes` (`uid`),
  CONSTRAINT `common_announcements_section_id_50928d64_fk_users_sections_uid` FOREIGN KEY (`section_id`) REFERENCES `users_sections` (`uid`),
  CONSTRAINT `common_announcements_who_posted_id_33ad2ca8_fk_users_student_uid` FOREIGN KEY (`who_posted_id`) REFERENCES `users_student` (`uid`)
) ENGINE=InnoDB DEFAULT CHARSET=utf8mb4 COLLATE=utf8mb4_0900_ai_ci;
/*!40101 SET character_set_client = @saved_cs_client */;

--
-- Dumping data for table `common_announcements`
--

LOCK TABLES `common_announcements` WRITE;
/*!40000 ALTER TABLE `common_announcements` DISABLE KEYS */;
INSERT INTO `common_announcements` VALUES ('8637e87996d1413b880f6add593b2404','1 May versity will of due to May day.','Announcements/438237706_1511194969819265_6466576223991409859_n.jpg','','2e07552bb5ef4a6999badcaa0ffa2e92','4cc56507ee6c4ea0b9eb2db4ecb618a0','e0ba33d6a93f4afd85880ffcff7b6e70','86f1724179404f8cbcb43f6cdfc7b491'),('ba17aeacf319407c8db8f518a163e76f','Brainstorming activities divided','','','2e07552bb5ef4a6999badcaa0ffa2e92','4cc56507ee6c4ea0b9eb2db4ecb618a0','e0ba33d6a93f4afd85880ffcff7b6e70','86f1724179404f8cbcb43f6cdfc7b491');
/*!40000 ALTER TABLE `common_announcements` ENABLE KEYS */;
UNLOCK TABLES;

--
-- Table structure for table `common_assignments`
--

DROP TABLE IF EXISTS `common_assignments`;
/*!40101 SET @saved_cs_client     = @@character_set_client */;
/*!50503 SET character_set_client = utf8mb4 */;
CREATE TABLE `common_assignments` (
  `commonbasemodel_ptr_id` char(32) NOT NULL,
  `course_code` varchar(8) NOT NULL,
  `course_title` varchar(100) NOT NULL,
  `assignment_title` varchar(150) NOT NULL,
  `detail` longtext NOT NULL,
  `department_id` char(32) DEFAULT NULL,
  `intake_id` char(32) DEFAULT NULL,
  `section_id` char(32) DEFAULT NULL,
  `types` varchar(50) NOT NULL,
  `date` date DEFAULT NULL,
  PRIMARY KEY (`commonbasemodel_ptr_id`),
  KEY `common_assignments_department_id_22fcd887_fk_users_dep` (`department_id`),
  KEY `common_assignments_intake_id_189e0d61_fk_users_intakes_uid` (`intake_id`),
  KEY `common_assignments_section_id_5e08e5c2_fk_users_sections_uid` (`section_id`),
  CONSTRAINT `common_assignments_commonbasemodel_ptr__0726b6a9_fk_common_co` FOREIGN KEY (`commonbasemodel_ptr_id`) REFERENCES `common_commonbasemodel` (`uid`),
  CONSTRAINT `common_assignments_department_id_22fcd887_fk_users_dep` FOREIGN KEY (`department_id`) REFERENCES `users_departments` (`uid`),
  CONSTRAINT `common_assignments_intake_id_189e0d61_fk_users_intakes_uid` FOREIGN KEY (`intake_id`) REFERENCES `users_intakes` (`uid`),
  CONSTRAINT `common_assignments_section_id_5e08e5c2_fk_users_sections_uid` FOREIGN KEY (`section_id`) REFERENCES `users_sections` (`uid`)
) ENGINE=InnoDB DEFAULT CHARSET=utf8mb4 COLLATE=utf8mb4_0900_ai_ci;
/*!40101 SET character_set_client = @saved_cs_client */;

--
-- Dumping data for table `common_assignments`
--

LOCK TABLES `common_assignments` WRITE;
/*!40000 ALTER TABLE `common_assignments` DISABLE KEYS */;
INSERT INTO `common_assignments` VALUES ('9792940c8b2f494cb9b6c95c5b112822','CSE317','*** Networking ***','Resource paper and','Topics:  \r\n1.Blockchain ( Theory  Writing 5/6 Page)\r\n2. Research Paper on Blockchain (Summary)\r\n\r\n\r\nAll will text will be computer written.\r\n\r\n*** IMPORTANT ***','2e07552bb5ef4a6999badcaa0ffa2e92','4cc56507ee6c4ea0b9eb2db4ecb618a0','e0ba33d6a93f4afd85880ffcff7b6e70','assignment','2024-05-06'),('f2c99b2f2e5e47af8a6b1cb6492e7de1','CSE320','Networking Lab','Lab report 7 and all have to submit','All previous lab reports and lab report 7 have to submit that day, and also lab exam will be that day.','2e07552bb5ef4a6999badcaa0ffa2e92','4cc56507ee6c4ea0b9eb2db4ecb618a0','e0ba33d6a93f4afd85880ffcff7b6e70','lab_report','2024-05-06'),('fdb33d9c1874485a8c03bf161aad2331','CSE407','Project management & Ethics','Ethics task given my maam','On class topic a shot note have to submit','2e07552bb5ef4a6999badcaa0ffa2e92','4cc56507ee6c4ea0b9eb2db4ecb618a0','e0ba33d6a93f4afd85880ffcff7b6e70','assignment','2024-05-05');
/*!40000 ALTER TABLE `common_assignments` ENABLE KEYS */;
UNLOCK TABLES;

--
-- Table structure for table `common_classroutine`
--

DROP TABLE IF EXISTS `common_classroutine`;
/*!40101 SET @saved_cs_client     = @@character_set_client */;
/*!50503 SET character_set_client = utf8mb4 */;
CREATE TABLE `common_classroutine` (
  `commonbasemodel_ptr_id` char(32) NOT NULL,
  `day` varchar(5) NOT NULL,
  `time` varchar(100) NOT NULL,
  `course_code` varchar(8) NOT NULL,
  `faculty_short_name` varchar(5) NOT NULL,
  `building` int unsigned NOT NULL,
  `room` int unsigned NOT NULL,
  `department_id` char(32) NOT NULL,
  `intake_id` char(32) NOT NULL,
  `section_id` char(32) NOT NULL,
  PRIMARY KEY (`commonbasemodel_ptr_id`),
  UNIQUE KEY `common_classroutine_day_time_intake_id_depar_a78d06b0_uniq` (`day`,`time`,`intake_id`,`department_id`,`section_id`),
  KEY `common_classroutine_department_id_09d33d81_fk_users_dep` (`department_id`),
  KEY `common_classroutine_intake_id_363b9ee2_fk_users_intakes_uid` (`intake_id`),
  KEY `common_classroutine_section_id_ef057573_fk_users_sections_uid` (`section_id`),
  CONSTRAINT `common_classroutine_commonbasemodel_ptr__820ca69b_fk_common_co` FOREIGN KEY (`commonbasemodel_ptr_id`) REFERENCES `common_commonbasemodel` (`uid`),
  CONSTRAINT `common_classroutine_department_id_09d33d81_fk_users_dep` FOREIGN KEY (`department_id`) REFERENCES `users_departments` (`uid`),
  CONSTRAINT `common_classroutine_intake_id_363b9ee2_fk_users_intakes_uid` FOREIGN KEY (`intake_id`) REFERENCES `users_intakes` (`uid`),
  CONSTRAINT `common_classroutine_section_id_ef057573_fk_users_sections_uid` FOREIGN KEY (`section_id`) REFERENCES `users_sections` (`uid`),
  CONSTRAINT `common_classroutine_chk_1` CHECK ((`building` >= 0)),
  CONSTRAINT `common_classroutine_chk_2` CHECK ((`room` >= 0))
) ENGINE=InnoDB DEFAULT CHARSET=utf8mb4 COLLATE=utf8mb4_0900_ai_ci;
/*!40101 SET character_set_client = @saved_cs_client */;

--
-- Dumping data for table `common_classroutine`
--

LOCK TABLES `common_classroutine` WRITE;
/*!40000 ALTER TABLE `common_classroutine` DISABLE KEYS */;
INSERT INTO `common_classroutine` VALUES ('05c4052a580a41c1811fbe13672be5a2','mon','04:00PMto05:15PM','CSE407','DA',3,905,'2e07552bb5ef4a6999badcaa0ffa2e92','4cc56507ee6c4ea0b9eb2db4ecb618a0','e0ba33d6a93f4afd85880ffcff7b6e70'),('095f052fc20d40b7a1b9a33dda91029a','wed','09:15AMto10:30AM','CSE407','DA',2,708,'2e07552bb5ef4a6999badcaa0ffa2e92','4cc56507ee6c4ea0b9eb2db4ecb618a0','e0ba33d6a93f4afd85880ffcff7b6e70'),('0e78718c22b34fad933e30a7bc11b9b6','wed','11:45AMto01:00PM','CSE452','MMH',2,420,'2e07552bb5ef4a6999badcaa0ffa2e92','4cc56507ee6c4ea0b9eb2db4ecb618a0','e0ba33d6a93f4afd85880ffcff7b6e70'),('18fabb4247094f44910cb70c503cdef6','mon','11:45AMto01:00PM','CSE417','SAFA',2,710,'2e07552bb5ef4a6999badcaa0ffa2e92','4cc56507ee6c4ea0b9eb2db4ecb618a0','e0ba33d6a93f4afd85880ffcff7b6e70'),('1bc93dde1edf465780d24921e1c4e40e','sun','02:45PMto04:00PM','CSE319','SAM',2,708,'2e07552bb5ef4a6999badcaa0ffa2e92','4cc56507ee6c4ea0b9eb2db4ecb618a0','e0ba33d6a93f4afd85880ffcff7b6e70'),('3dd40729e5af4c03af30d3c14e4105f8','tue','10:30AMto11:45AM','CSE351','MMH',2,710,'2e07552bb5ef4a6999badcaa0ffa2e92','4cc56507ee6c4ea0b9eb2db4ecb618a0','e0ba33d6a93f4afd85880ffcff7b6e70'),('57a721eba04342889ad67e1422eb7b52','mon','02:45PMto04:00PM','CSE320','SAM',2,416,'2e07552bb5ef4a6999badcaa0ffa2e92','4cc56507ee6c4ea0b9eb2db4ecb618a0','e0ba33d6a93f4afd85880ffcff7b6e70'),('70ba9023052c42c88ec1f2b12bf39e53','sun','05:15PMto06:30PM','CSE327','RY',2,708,'2e07552bb5ef4a6999badcaa0ffa2e92','4cc56507ee6c4ea0b9eb2db4ecb618a0','e0ba33d6a93f4afd85880ffcff7b6e70'),('7153a348f77a46f6b9441404fccc7056','wed','10:30AMto11:45AM','CSE452','MMH',2,420,'2e07552bb5ef4a6999badcaa0ffa2e92','4cc56507ee6c4ea0b9eb2db4ecb618a0','e0ba33d6a93f4afd85880ffcff7b6e70'),('788319c92e3f4a1a82377174e28019b5','tue','08:00AMto09:15AM','CSE418','SAFA',2,417,'2e07552bb5ef4a6999badcaa0ffa2e92','4cc56507ee6c4ea0b9eb2db4ecb618a0','e0ba33d6a93f4afd85880ffcff7b6e70'),('874e1905b07a40b4809620a21a19006f','mon','01:30PMto02:45PM','CSE320','SAM',2,416,'2e07552bb5ef4a6999badcaa0ffa2e92','4cc56507ee6c4ea0b9eb2db4ecb618a0','e0ba33d6a93f4afd85880ffcff7b6e70'),('88b5079a61a344dc91353f3c8f596018','thu','10:30AMto11:45AM','CSE417','SAFA',2,808,'2e07552bb5ef4a6999badcaa0ffa2e92','4cc56507ee6c4ea0b9eb2db4ecb618a0','e0ba33d6a93f4afd85880ffcff7b6e70'),('aef838f6b898449fb7e62c4b514935a0','thu','01:30PMto02:45PM','CSE319','SAM',2,808,'2e07552bb5ef4a6999badcaa0ffa2e92','4cc56507ee6c4ea0b9eb2db4ecb618a0','e0ba33d6a93f4afd85880ffcff7b6e70'),('b84f2ee059f644bfb6fe00a1d9c455e9','sun','04:00PMto05:15PM','CSE328','RY',2,418,'2e07552bb5ef4a6999badcaa0ffa2e92','4cc56507ee6c4ea0b9eb2db4ecb618a0','e0ba33d6a93f4afd85880ffcff7b6e70'),('cac13f39ce8342f1b16b6cb8257efd2d','wed','01:30PMto02:45PM','CSE327','RY',2,710,'2e07552bb5ef4a6999badcaa0ffa2e92','4cc56507ee6c4ea0b9eb2db4ecb618a0','e0ba33d6a93f4afd85880ffcff7b6e70'),('dff63289f3ed421a99abce2f1a55998d','thu','11:45AMto01:00PM','CSE3351','MMH',2,808,'2e07552bb5ef4a6999badcaa0ffa2e92','4cc56507ee6c4ea0b9eb2db4ecb618a0','e0ba33d6a93f4afd85880ffcff7b6e70'),('f9b47d365e7a4b2eb5a924d69c9e4e56','tue','09:15AMto10:30AM','CSE418','SAFA',2,417,'2e07552bb5ef4a6999badcaa0ffa2e92','4cc56507ee6c4ea0b9eb2db4ecb618a0','e0ba33d6a93f4afd85880ffcff7b6e70');
/*!40000 ALTER TABLE `common_classroutine` ENABLE KEYS */;
UNLOCK TABLES;

--
-- Table structure for table `common_commonbasemodel`
--

DROP TABLE IF EXISTS `common_commonbasemodel`;
/*!40101 SET @saved_cs_client     = @@character_set_client */;
/*!50503 SET character_set_client = utf8mb4 */;
CREATE TABLE `common_commonbasemodel` (
  `uid` char(32) NOT NULL,
  `created_at` datetime(6) NOT NULL,
  `updated_at` datetime(6) NOT NULL,
  PRIMARY KEY (`uid`)
) ENGINE=InnoDB DEFAULT CHARSET=utf8mb4 COLLATE=utf8mb4_0900_ai_ci;
/*!40101 SET character_set_client = @saved_cs_client */;

--
-- Dumping data for table `common_commonbasemodel`
--

LOCK TABLES `common_commonbasemodel` WRITE;
/*!40000 ALTER TABLE `common_commonbasemodel` DISABLE KEYS */;
INSERT INTO `common_commonbasemodel` VALUES ('05c4052a580a41c1811fbe13672be5a2','2024-05-01 11:59:17.311990','2024-05-01 11:59:17.311990'),('095f052fc20d40b7a1b9a33dda91029a','2024-05-01 12:02:40.383255','2024-05-01 12:02:40.383255'),('0e78718c22b34fad933e30a7bc11b9b6','2024-05-01 12:04:08.519538','2024-05-01 12:04:08.519538'),('18fabb4247094f44910cb70c503cdef6','2024-05-01 11:57:33.733660','2024-05-01 11:57:33.733660'),('1bc93dde1edf465780d24921e1c4e40e','2024-05-01 11:56:10.857582','2024-05-01 11:56:10.857582'),('3dd40729e5af4c03af30d3c14e4105f8','2024-05-01 12:01:25.946225','2024-05-01 12:01:25.946225'),('57a721eba04342889ad67e1422eb7b52','2024-05-01 11:58:40.704292','2024-05-01 11:58:40.704292'),('70ba9023052c42c88ec1f2b12bf39e53','2024-05-01 11:57:07.774579','2024-05-01 11:57:07.774579'),('7153a348f77a46f6b9441404fccc7056','2024-05-01 12:03:35.879167','2024-05-01 12:03:35.879167'),('788319c92e3f4a1a82377174e28019b5','2024-05-01 12:00:15.934101','2024-05-01 12:00:15.934101'),('8637e87996d1413b880f6add593b2404','2024-05-01 07:31:58.010715','2024-05-01 07:32:36.735728'),('874e1905b07a40b4809620a21a19006f','2024-05-01 11:58:06.950007','2024-05-01 11:58:06.950007'),('88b5079a61a344dc91353f3c8f596018','2024-05-01 12:05:37.844799','2024-05-01 12:05:37.844799'),('90c82d9118464df485c5c7b635559add','2024-05-01 07:46:52.230686','2024-05-01 07:46:52.230686'),('9792940c8b2f494cb9b6c95c5b112822','2024-05-01 07:56:43.387575','2024-05-01 07:56:43.387575'),('aef838f6b898449fb7e62c4b514935a0','2024-05-01 12:06:26.502185','2024-05-01 12:06:26.502185'),('b84f2ee059f644bfb6fe00a1d9c455e9','2024-05-01 11:56:50.447166','2024-05-01 11:56:50.447166'),('ba17aeacf319407c8db8f518a163e76f','2024-05-01 07:33:29.248491','2024-05-01 07:33:29.248491'),('cac13f39ce8342f1b16b6cb8257efd2d','2024-05-01 12:04:46.315325','2024-05-01 12:04:46.315325'),('dff63289f3ed421a99abce2f1a55998d','2024-05-01 12:06:06.668989','2024-05-01 12:06:06.668989'),('f2c99b2f2e5e47af8a6b1cb6492e7de1','2024-05-01 07:53:51.121278','2024-05-01 07:53:51.121278'),('f9b47d365e7a4b2eb5a924d69c9e4e56','2024-05-01 12:00:30.954629','2024-05-01 12:00:30.954629'),('fdb33d9c1874485a8c03bf161aad2331','2024-05-01 07:52:34.400958','2024-05-01 07:52:34.400958');
/*!40000 ALTER TABLE `common_commonbasemodel` ENABLE KEYS */;
UNLOCK TABLES;

--
-- Table structure for table `common_upcomingexams`
--

DROP TABLE IF EXISTS `common_upcomingexams`;
/*!40101 SET @saved_cs_client     = @@character_set_client */;
/*!50503 SET character_set_client = utf8mb4 */;
CREATE TABLE `common_upcomingexams` (
  `commonbasemodel_ptr_id` char(32) NOT NULL,
  `exam_name` varchar(10) NOT NULL,
  `course_name` varchar(50) NOT NULL,
  `course_code` varchar(7) NOT NULL,
  `date` date NOT NULL,
  `topic` varchar(150) NOT NULL,
  `detail` longtext NOT NULL,
  `department_id` char(32) NOT NULL,
  `intake_id` char(32) NOT NULL,
  `section_id` char(32) NOT NULL,
  PRIMARY KEY (`commonbasemodel_ptr_id`),
  KEY `common_upcomingexams_department_id_88b85151_fk_users_dep` (`department_id`),
  KEY `common_upcomingexams_intake_id_9f393165_fk_users_intakes_uid` (`intake_id`),
  KEY `common_upcomingexams_section_id_6385b4b1_fk_users_sections_uid` (`section_id`),
  CONSTRAINT `common_upcomingexams_commonbasemodel_ptr__8490d049_fk_common_co` FOREIGN KEY (`commonbasemodel_ptr_id`) REFERENCES `common_commonbasemodel` (`uid`),
  CONSTRAINT `common_upcomingexams_department_id_88b85151_fk_users_dep` FOREIGN KEY (`department_id`) REFERENCES `users_departments` (`uid`),
  CONSTRAINT `common_upcomingexams_intake_id_9f393165_fk_users_intakes_uid` FOREIGN KEY (`intake_id`) REFERENCES `users_intakes` (`uid`),
  CONSTRAINT `common_upcomingexams_section_id_6385b4b1_fk_users_sections_uid` FOREIGN KEY (`section_id`) REFERENCES `users_sections` (`uid`)
) ENGINE=InnoDB DEFAULT CHARSET=utf8mb4 COLLATE=utf8mb4_0900_ai_ci;
/*!40101 SET character_set_client = @saved_cs_client */;

--
-- Dumping data for table `common_upcomingexams`
--

LOCK TABLES `common_upcomingexams` WRITE;
/*!40000 ALTER TABLE `common_upcomingexams` DISABLE KEYS */;
INSERT INTO `common_upcomingexams` VALUES ('90c82d9118464df485c5c7b635559add','Mid Term','Networking Lab','CSE318','2024-05-06','All task before mid and after mid','Prepare for the upcoming network lab mid','2e07552bb5ef4a6999badcaa0ffa2e92','4cc56507ee6c4ea0b9eb2db4ecb618a0','e0ba33d6a93f4afd85880ffcff7b6e70');
/*!40000 ALTER TABLE `common_upcomingexams` ENABLE KEYS */;
UNLOCK TABLES;

--
-- Table structure for table `django_admin_log`
--

DROP TABLE IF EXISTS `django_admin_log`;
/*!40101 SET @saved_cs_client     = @@character_set_client */;
/*!50503 SET character_set_client = utf8mb4 */;
CREATE TABLE `django_admin_log` (
  `id` int NOT NULL AUTO_INCREMENT,
  `action_time` datetime(6) NOT NULL,
  `object_id` longtext,
  `object_repr` varchar(200) NOT NULL,
  `action_flag` smallint unsigned NOT NULL,
  `change_message` longtext NOT NULL,
  `content_type_id` int DEFAULT NULL,
  `user_id` bigint NOT NULL,
  PRIMARY KEY (`id`),
  KEY `django_admin_log_content_type_id_c4bce8eb_fk_django_co` (`content_type_id`),
  KEY `django_admin_log_user_id_c564eba6_fk_users_user_id` (`user_id`),
  CONSTRAINT `django_admin_log_content_type_id_c4bce8eb_fk_django_co` FOREIGN KEY (`content_type_id`) REFERENCES `django_content_type` (`id`),
  CONSTRAINT `django_admin_log_user_id_c564eba6_fk_users_user_id` FOREIGN KEY (`user_id`) REFERENCES `users_user` (`id`),
  CONSTRAINT `django_admin_log_chk_1` CHECK ((`action_flag` >= 0))
) ENGINE=InnoDB AUTO_INCREMENT=33 DEFAULT CHARSET=utf8mb4 COLLATE=utf8mb4_0900_ai_ci;
/*!40101 SET character_set_client = @saved_cs_client */;

--
-- Dumping data for table `django_admin_log`
--

LOCK TABLES `django_admin_log` WRITE;
/*!40000 ALTER TABLE `django_admin_log` DISABLE KEYS */;
INSERT INTO `django_admin_log` VALUES (1,'2024-05-01 06:29:39.604776','2e07552b-b5ef-4a69-99ba-dcaa0ffa2e92','CSE',1,'[{\"added\": {}}]',4,1),(2,'2024-05-01 06:29:49.356757','4cc56507-ee6c-4ea0-b9eb-2db4ecb618a0','Inake: 48',1,'[{\"added\": {}}]',5,1),(3,'2024-05-01 06:29:53.212397','a1d7d94c-6440-475a-b534-8bd93c9356f0','Inake: 49',1,'[{\"added\": {}}]',5,1),(4,'2024-05-01 06:29:55.700403','87b171ca-8180-4386-86f7-2d288a2fbdda','Inake: 50',1,'[{\"added\": {}}]',5,1),(5,'2024-05-01 06:29:58.334197','e14728d2-e253-4b27-a9c2-bf3165e98af6','Inake: 51',1,'[{\"added\": {}}]',5,1),(6,'2024-05-01 06:30:00.084513','4976038c-3c73-49a0-ac7a-35d6c9ac9633','Inake: 52',1,'[{\"added\": {}}]',5,1),(7,'2024-05-01 06:30:01.644700','992711d1-eb35-4eaa-a394-2f77302d05cb','Inake: 53',1,'[{\"added\": {}}]',5,1),(8,'2024-05-01 06:30:06.516773','df1bb344-a0d5-4e39-931e-86e6c8157346','Inake: 54',1,'[{\"added\": {}}]',5,1),(9,'2024-05-01 06:30:34.555813','02a561c1-4ceb-467d-be1a-e43e65bde213','Sec: 1',1,'[{\"added\": {}}]',6,1),(10,'2024-05-01 06:30:40.915952','e0ba33d6-a93f-4afd-8588-0ffcff7b6e70','Sec: 2',1,'[{\"added\": {}}]',6,1),(11,'2024-05-01 06:30:45.084406','582e3b67-5dd3-4652-93ea-610c76720395','Sec: 3',1,'[{\"added\": {}}]',6,1),(12,'2024-05-01 06:30:49.122072','a5e511ec-3529-4c68-963a-479bf5f31e0a','Sec: 4',1,'[{\"added\": {}}]',6,1),(13,'2024-05-01 06:30:54.107958','1bcfb623-0a88-4059-bff0-e23f9bfb6b23','Sec: 5',1,'[{\"added\": {}}]',6,1),(14,'2024-05-01 06:30:58.139920','86172989-9dd2-4f56-a9d4-97c8750cbf92','Sec: 6',1,'[{\"added\": {}}]',6,1),(15,'2024-05-01 06:31:02.844775','39c4f6fe-bb29-4d1c-a956-9b6185e7c650','Sec: 7',1,'[{\"added\": {}}]',6,1),(16,'2024-05-01 06:31:06.611118','9f0352b6-d4c3-4ee3-b999-fa0722bb7441','Sec: 8',1,'[{\"added\": {}}]',6,1),(17,'2024-05-01 06:31:10.182256','c0060e98-282e-446e-89e7-832639f72dfa','Sec: 8',1,'[{\"added\": {}}]',6,1),(18,'2024-05-01 06:31:14.107671','859ee458-7ab1-4a52-a153-360ff9105bce','Sec: 9',1,'[{\"added\": {}}]',6,1),(19,'2024-05-01 06:31:18.810822','883e8923-0b8e-4da6-9b40-a20bf67ea26b','Sec: 10',1,'[{\"added\": {}}]',6,1),(20,'2024-05-01 06:31:22.395756','be2a7e7a-9934-43d9-b0ba-3eb92953e0ef','Sec: 11',1,'[{\"added\": {}}]',6,1),(21,'2024-05-01 06:31:25.404265','93febb8d-b0aa-4c7e-b4a8-6a5579253c65','Sec: 12',1,'[{\"added\": {}}]',6,1),(22,'2024-05-01 06:31:28.723049','a2dbd561-759f-4f03-9fde-a26c850e90db','Sec: 13',1,'[{\"added\": {}}]',6,1),(23,'2024-05-01 06:31:32.875867','8d86fce2-e8c4-41da-ab8f-5ae4443a3011','Sec: 14',1,'[{\"added\": {}}]',6,1),(24,'2024-05-01 06:31:36.860373','6f4c73f9-281a-464a-ae3a-f6022c210744','Sec: 15',1,'[{\"added\": {}}]',6,1),(25,'2024-05-01 06:31:40.379345','e1a6ed25-f5e6-4704-89ba-d4efab37a257','Sec: 16',1,'[{\"added\": {}}]',6,1),(26,'2024-05-01 06:31:45.451928','80c425d7-538a-481c-8a1f-b3670df57fce','Sec: 17',1,'[{\"added\": {}}]',6,1),(27,'2024-05-01 06:31:52.084135','329dc3a5-18fa-4363-9269-22374907979d','Sec: 18',1,'[{\"added\": {}}]',6,1),(28,'2024-05-01 06:31:56.354736','21ba64c9-d87d-4f4c-b3fa-afb4fcdcccf6','Sec: 19',1,'[{\"added\": {}}]',6,1),(29,'2024-05-01 06:32:00.955879','4c5edd4c-31a1-49f8-b6b6-e7fca1961833','Sec: 20',1,'[{\"added\": {}}]',6,1),(30,'2024-05-01 06:33:57.221358','86f17241-7940-4f8c-bcb4-3f6cdfc7b491','Unknown CR',2,'[]',9,1),(31,'2024-05-01 06:34:05.749889','e0fc75c1-b06f-4a33-8a08-e95f20edbf77','profile - USER - demo@democr.com',2,'[{\"changed\": {\"fields\": [\"Is approved\"]}}]',8,1),(32,'2024-05-01 07:32:36.779575','8637e879-96d1-413b-880f-6add593b2404','1 May versity will of due to May day.',2,'[{\"changed\": {\"fields\": [\"Image\"]}}]',17,1);
/*!40000 ALTER TABLE `django_admin_log` ENABLE KEYS */;
UNLOCK TABLES;

--
-- Table structure for table `django_content_type`
--

DROP TABLE IF EXISTS `django_content_type`;
/*!40101 SET @saved_cs_client     = @@character_set_client */;
/*!50503 SET character_set_client = utf8mb4 */;
CREATE TABLE `django_content_type` (
  `id` int NOT NULL AUTO_INCREMENT,
  `app_label` varchar(100) NOT NULL,
  `model` varchar(100) NOT NULL,
  PRIMARY KEY (`id`),
  UNIQUE KEY `django_content_type_app_label_model_76bd3d3b_uniq` (`app_label`,`model`)
) ENGINE=InnoDB AUTO_INCREMENT=18 DEFAULT CHARSET=utf8mb4 COLLATE=utf8mb4_0900_ai_ci;
/*!40101 SET character_set_client = @saved_cs_client */;

--
-- Dumping data for table `django_content_type`
--

LOCK TABLES `django_content_type` WRITE;
/*!40000 ALTER TABLE `django_content_type` DISABLE KEYS */;
INSERT INTO `django_content_type` VALUES (11,'admin','logentry'),(2,'auth','group'),(1,'auth','permission'),(17,'common','announcements'),(16,'common','assignments'),(15,'common','classroutine'),(13,'common','commonbasemodel'),(14,'common','upcomingexams'),(3,'contenttypes','contenttype'),(12,'sessions','session'),(4,'users','departments'),(5,'users','intakes'),(8,'users','profile'),(6,'users','sections'),(9,'users','student'),(10,'users','teacher'),(7,'users','user');
/*!40000 ALTER TABLE `django_content_type` ENABLE KEYS */;
UNLOCK TABLES;

--
-- Table structure for table `django_migrations`
--

DROP TABLE IF EXISTS `django_migrations`;
/*!40101 SET @saved_cs_client     = @@character_set_client */;
/*!50503 SET character_set_client = utf8mb4 */;
CREATE TABLE `django_migrations` (
  `id` bigint NOT NULL AUTO_INCREMENT,
  `app` varchar(255) NOT NULL,
  `name` varchar(255) NOT NULL,
  `applied` datetime(6) NOT NULL,
  PRIMARY KEY (`id`)
) ENGINE=InnoDB AUTO_INCREMENT=36 DEFAULT CHARSET=utf8mb4 COLLATE=utf8mb4_0900_ai_ci;
/*!40101 SET character_set_client = @saved_cs_client */;

--
-- Dumping data for table `django_migrations`
--

LOCK TABLES `django_migrations` WRITE;
/*!40000 ALTER TABLE `django_migrations` DISABLE KEYS */;
INSERT INTO `django_migrations` VALUES (1,'contenttypes','0001_initial','2024-05-01 06:27:28.218480'),(2,'contenttypes','0002_remove_content_type_name','2024-05-01 06:27:28.249732'),(3,'auth','0001_initial','2024-05-01 06:27:28.374742'),(4,'auth','0002_alter_permission_name_max_length','2024-05-01 06:27:28.405992'),(5,'auth','0003_alter_user_email_max_length','2024-05-01 06:27:28.405992'),(6,'auth','0004_alter_user_username_opts','2024-05-01 06:27:28.405992'),(7,'auth','0005_alter_user_last_login_null','2024-05-01 06:27:28.421619'),(8,'auth','0006_require_contenttypes_0002','2024-05-01 06:27:28.421619'),(9,'auth','0007_alter_validators_add_error_messages','2024-05-01 06:27:28.421619'),(10,'auth','0008_alter_user_username_max_length','2024-05-01 06:27:28.421619'),(11,'auth','0009_alter_user_last_name_max_length','2024-05-01 06:27:28.421619'),(12,'auth','0010_alter_group_name_max_length','2024-05-01 06:27:28.437246'),(13,'auth','0011_update_proxy_permissions','2024-05-01 06:27:28.437246'),(14,'auth','0012_alter_user_first_name_max_length','2024-05-01 06:27:28.437246'),(15,'users','0001_initial','2024-05-01 06:27:28.921652'),(16,'users','0002_student_contact_number_student_facebook_profile','2024-05-01 06:27:28.984157'),(17,'users','0003_alter_user_role','2024-05-01 06:27:28.984157'),(18,'users','0004_alter_student_gender_alter_teacher_gender','2024-05-01 06:27:28.984157'),(19,'users','0005_alter_student_gender_alter_teacher_gender','2024-05-01 06:27:28.999782'),(20,'users','0006_alter_student_gender_alter_student_image_and_more','2024-05-01 06:27:29.062286'),(21,'users','0007_alter_student_account_alter_teacher_account','2024-05-01 06:27:29.218547'),(22,'admin','0001_initial','2024-05-01 06:27:51.670322'),(23,'admin','0002_logentry_remove_auto_add','2024-05-01 06:27:51.701582'),(24,'admin','0003_logentry_add_action_flag_choices','2024-05-01 06:27:51.701582'),(25,'common','0001_initial','2024-05-01 06:27:51.732826'),(26,'common','0002_initial','2024-05-01 06:27:51.857834'),(27,'common','0003_classroutine','2024-05-01 06:27:52.014095'),(28,'common','0004_alter_classroutine_building_alter_classroutine_room','2024-05-01 06:27:52.014095'),(29,'common','0005_alter_classroutine_course_code','2024-05-01 06:27:52.029721'),(30,'common','0006_assignments','2024-05-01 06:27:52.060973'),(31,'common','0007_assignments_department_assignments_intake_and_more','2024-05-01 06:27:52.170355'),(32,'common','0008_assignments_types','2024-05-01 06:27:52.185982'),(33,'common','0009_assignments_date_alter_assignments_types','2024-05-01 06:27:52.201608'),(34,'common','0010_announcements','2024-05-01 06:27:52.373495'),(35,'sessions','0001_initial','2024-05-01 06:27:52.389120');
/*!40000 ALTER TABLE `django_migrations` ENABLE KEYS */;
UNLOCK TABLES;

--
-- Table structure for table `django_session`
--

DROP TABLE IF EXISTS `django_session`;
/*!40101 SET @saved_cs_client     = @@character_set_client */;
/*!50503 SET character_set_client = utf8mb4 */;
CREATE TABLE `django_session` (
  `session_key` varchar(40) NOT NULL,
  `session_data` longtext NOT NULL,
  `expire_date` datetime(6) NOT NULL,
  PRIMARY KEY (`session_key`),
  KEY `django_session_expire_date_a5c62663` (`expire_date`)
) ENGINE=InnoDB DEFAULT CHARSET=utf8mb4 COLLATE=utf8mb4_0900_ai_ci;
/*!40101 SET character_set_client = @saved_cs_client */;

--
-- Dumping data for table `django_session`
--

LOCK TABLES `django_session` WRITE;
/*!40000 ALTER TABLE `django_session` DISABLE KEYS */;
INSERT INTO `django_session` VALUES ('kp3t75x9k0aknaxyy2wqohms82h48wq7','.eJxVjEEOwiAQRe_C2hA6doBx6b5nIDNApWpoUtqV8e7apAvd_vfef6nA21rC1vISpqQuCtTpdxOOj1x3kO5cb7OOc12XSfSu6IM2PcwpP6-H-3dQuJVv7W2MTB0613tzxmSFrVA0CN6LYI6jZCBLYKzru9EzMQkCO3CAhKTeH9X1NzI:1s2E38:cBrOmm3cKvP8WQA-K1jhHyQBJSQhK36tbskJ_dHlW7Q','2024-05-15 17:47:22.709730'),('tsrcjr3cy3cdp64e8jbjk604puvn6vpf','.eJxVjDsOwjAQRO_iGllee_2Bkp4zWOsfDiBHipMKcXccKQU0o9G8mXkzT9ta_dbz4qfELgzY6TcLFJ-57SA9qN1nHue2LlPge4UftPPbnPLrenT_Dir1OtZWgZNaq2ISClSoJYCikFwyiDZakmAjUjiLUhQYqaJAysNEHBoc-3wBqwM2yA:1s23Ss:SZA_G7CmkCmyYtDLULMLmKdZ7UFLai-fpKoJQdWteRs','2024-05-15 06:29:14.592874'),('uwegppgi3sy8mka04zi1kn2vq7lc0ncp','.eJxVjEEOwiAQRe_C2hA6doBx6b5nIDNApWpoUtqV8e7apAvd_vfef6nA21rC1vISpqQuCtTpdxOOj1x3kO5cb7OOc12XSfSu6IM2PcwpP6-H-3dQuJVv7W2MTB0613tzxmSFrVA0CN6LYI6jZCBLYKzru9EzMQkCO3CAhKTeH9X1NzI:1s23WU:lhRmNpPaLI4xYxg6FI9Eo3xL6es2stbkBsJv_jLDDI0','2024-05-15 06:32:58.478181');
/*!40000 ALTER TABLE `django_session` ENABLE KEYS */;
UNLOCK TABLES;

--
-- Table structure for table `users_departments`
--

DROP TABLE IF EXISTS `users_departments`;
/*!40101 SET @saved_cs_client     = @@character_set_client */;
/*!50503 SET character_set_client = utf8mb4 */;
CREATE TABLE `users_departments` (
  `uid` char(32) NOT NULL,
  `created_at` datetime(6) NOT NULL,
  `updated_at` datetime(6) NOT NULL,
  `name` varchar(150) NOT NULL,
  `short_name` varchar(50) NOT NULL,
  `department_chairman_name` varchar(350) NOT NULL,
  `chairman_room` varchar(150) DEFAULT NULL,
  PRIMARY KEY (`uid`)
) ENGINE=InnoDB DEFAULT CHARSET=utf8mb4 COLLATE=utf8mb4_0900_ai_ci;
/*!40101 SET character_set_client = @saved_cs_client */;

--
-- Dumping data for table `users_departments`
--

LOCK TABLES `users_departments` WRITE;
/*!40000 ALTER TABLE `users_departments` DISABLE KEYS */;
INSERT INTO `users_departments` VALUES ('2e07552bb5ef4a6999badcaa0ffa2e92','2024-05-01 06:29:39.603776','2024-05-01 06:29:39.603776','Computer Science','CSE','Saifur Rahman','B-1-402');
/*!40000 ALTER TABLE `users_departments` ENABLE KEYS */;
UNLOCK TABLES;

--
-- Table structure for table `users_intakes`
--

DROP TABLE IF EXISTS `users_intakes`;
/*!40101 SET @saved_cs_client     = @@character_set_client */;
/*!50503 SET character_set_client = utf8mb4 */;
CREATE TABLE `users_intakes` (
  `uid` char(32) NOT NULL,
  `created_at` datetime(6) NOT NULL,
  `updated_at` datetime(6) NOT NULL,
  `intake` int unsigned NOT NULL,
  PRIMARY KEY (`uid`),
  CONSTRAINT `users_intakes_chk_1` CHECK ((`intake` >= 0))
) ENGINE=InnoDB DEFAULT CHARSET=utf8mb4 COLLATE=utf8mb4_0900_ai_ci;
/*!40101 SET character_set_client = @saved_cs_client */;

--
-- Dumping data for table `users_intakes`
--

LOCK TABLES `users_intakes` WRITE;
/*!40000 ALTER TABLE `users_intakes` DISABLE KEYS */;
INSERT INTO `users_intakes` VALUES ('4976038c3c7349a0ac7a35d6c9ac9633','2024-05-01 06:30:00.083512','2024-05-01 06:30:00.083512',52),('4cc56507ee6c4ea0b9eb2db4ecb618a0','2024-05-01 06:29:49.356757','2024-05-01 06:29:49.356757',48),('87b171ca8180438686f72d288a2fbdda','2024-05-01 06:29:55.699403','2024-05-01 06:29:55.699403',50),('992711d1eb354eaaa3942f77302d05cb','2024-05-01 06:30:01.644700','2024-05-01 06:30:01.644700',53),('a1d7d94c6440475ab5348bd93c9356f0','2024-05-01 06:29:53.211397','2024-05-01 06:29:53.211397',49),('df1bb344a0d54e39931e86e6c8157346','2024-05-01 06:30:06.515773','2024-05-01 06:30:06.515773',54),('e14728d2e2534b27a9c2bf3165e98af6','2024-05-01 06:29:58.333197','2024-05-01 06:29:58.333197',51);
/*!40000 ALTER TABLE `users_intakes` ENABLE KEYS */;
UNLOCK TABLES;

--
-- Table structure for table `users_profile`
--

DROP TABLE IF EXISTS `users_profile`;
/*!40101 SET @saved_cs_client     = @@character_set_client */;
/*!50503 SET character_set_client = utf8mb4 */;
CREATE TABLE `users_profile` (
  `uid` char(32) NOT NULL,
  `created_at` datetime(6) NOT NULL,
  `updated_at` datetime(6) NOT NULL,
  `is_approved` tinyint(1) NOT NULL,
  `details_filled` tinyint(1) NOT NULL,
  `user_id` bigint NOT NULL,
  PRIMARY KEY (`uid`),
  UNIQUE KEY `user_id` (`user_id`),
  CONSTRAINT `users_profile_user_id_2112e78d_fk_users_user_id` FOREIGN KEY (`user_id`) REFERENCES `users_user` (`id`)
) ENGINE=InnoDB DEFAULT CHARSET=utf8mb4 COLLATE=utf8mb4_0900_ai_ci;
/*!40101 SET character_set_client = @saved_cs_client */;

--
-- Dumping data for table `users_profile`
--

LOCK TABLES `users_profile` WRITE;
/*!40000 ALTER TABLE `users_profile` DISABLE KEYS */;
INSERT INTO `users_profile` VALUES ('897a3a9916784e17a78fa529dc3fb677','2024-05-01 06:28:53.032487','2024-05-01 06:29:14.592328',0,0,1),('e0fc75c1b06f4a338a08e95f20edbf77','2024-05-01 06:32:58.478181','2024-05-01 17:47:22.701320',1,1,2);
/*!40000 ALTER TABLE `users_profile` ENABLE KEYS */;
UNLOCK TABLES;

--
-- Table structure for table `users_sections`
--

DROP TABLE IF EXISTS `users_sections`;
/*!40101 SET @saved_cs_client     = @@character_set_client */;
/*!50503 SET character_set_client = utf8mb4 */;
CREATE TABLE `users_sections` (
  `uid` char(32) NOT NULL,
  `created_at` datetime(6) NOT NULL,
  `updated_at` datetime(6) NOT NULL,
  `name` varchar(50) NOT NULL,
  `section` int unsigned NOT NULL,
  PRIMARY KEY (`uid`),
  CONSTRAINT `users_sections_chk_1` CHECK ((`section` >= 0))
) ENGINE=InnoDB DEFAULT CHARSET=utf8mb4 COLLATE=utf8mb4_0900_ai_ci;
/*!40101 SET character_set_client = @saved_cs_client */;

--
-- Dumping data for table `users_sections`
--

LOCK TABLES `users_sections` WRITE;
/*!40000 ALTER TABLE `users_sections` DISABLE KEYS */;
INSERT INTO `users_sections` VALUES ('02a561c14ceb467dbe1ae43e65bde213','2024-05-01 06:30:34.554811','2024-05-01 06:30:34.554811','A',1),('1bcfb6230a884059bff0e23f9bfb6b23','2024-05-01 06:30:54.106933','2024-05-01 06:30:54.106933','E',5),('21ba64c9d87d4f4cb3faafb4fcdcccf6','2024-05-01 06:31:56.354736','2024-05-01 06:31:56.354736','R',19),('329dc3a518fa4363926922374907979d','2024-05-01 06:31:52.084135','2024-05-01 06:31:52.084135','R',18),('39c4f6febb294d1ca9569b6185e7c650','2024-05-01 06:31:02.843774','2024-05-01 06:31:02.843774','F',7),('4c5edd4c31a149f8b6b6e7fca1961833','2024-05-01 06:32:00.955879','2024-05-01 06:32:00.955879','S',20),('582e3b675dd3465293ea610c76720395','2024-05-01 06:30:45.084406','2024-05-01 06:30:45.084406','C',3),('6f4c73f9281a464aae3af6022c210744','2024-05-01 06:31:36.860373','2024-05-01 06:31:36.860373','O',15),('80c425d7538a481c8a1fb3670df57fce','2024-05-01 06:31:45.451928','2024-05-01 06:31:45.451928','Q',17),('859ee4587ab14a52a153360ff9105bce','2024-05-01 06:31:14.106670','2024-05-01 06:31:14.106670','I',9),('861729899dd24f56a9d497c8750cbf92','2024-05-01 06:30:58.138920','2024-05-01 06:30:58.138920','F',6),('883e89230b8e4da69b40a20bf67ea26b','2024-05-01 06:31:18.810822','2024-05-01 06:31:18.810822','J',10),('8d86fce2e8c441daab8f5ae4443a3011','2024-05-01 06:31:32.875867','2024-05-01 06:31:32.875867','N',14),('93febb8db0aa4c7eb4a86a5579253c65','2024-05-01 06:31:25.403265','2024-05-01 06:31:25.403265','L',12),('9f0352b6d4c34ee3b999fa0722bb7441','2024-05-01 06:31:06.611118','2024-05-01 06:31:06.611118','G',8),('a2dbd561759f4f039fdea26c850e90db','2024-05-01 06:31:28.723049','2024-05-01 06:31:28.723049','M',13),('a5e511ec35294c68963a479bf5f31e0a','2024-05-01 06:30:49.121071','2024-05-01 06:30:49.121071','D',4),('be2a7e7a993443d9b0ba3eb92953e0ef','2024-05-01 06:31:22.394756','2024-05-01 06:31:22.394756','K',11),('c0060e98282e446e89e7832639f72dfa','2024-05-01 06:31:10.182256','2024-05-01 06:31:10.182256','H',8),('e0ba33d6a93f4afd85880ffcff7b6e70','2024-05-01 06:30:40.915952','2024-05-01 06:30:40.915952','B',2),('e1a6ed25f5e6470489bad4efab37a257','2024-05-01 06:31:40.379345','2024-05-01 06:31:40.379345','P',16);
/*!40000 ALTER TABLE `users_sections` ENABLE KEYS */;
UNLOCK TABLES;

--
-- Table structure for table `users_student`
--

DROP TABLE IF EXISTS `users_student`;
/*!40101 SET @saved_cs_client     = @@character_set_client */;
/*!50503 SET character_set_client = utf8mb4 */;
CREATE TABLE `users_student` (
  `uid` char(32) NOT NULL,
  `created_at` datetime(6) NOT NULL,
  `updated_at` datetime(6) NOT NULL,
  `personal_id` varchar(150) NOT NULL,
  `gender` varchar(50) DEFAULT NULL,
  `image` varchar(100) DEFAULT NULL,
  `name` varchar(350) NOT NULL,
  `shift` varchar(50) NOT NULL,
  `is_class_cr` tinyint(1) NOT NULL,
  `account_id` char(32) NOT NULL,
  `department_id` char(32) NOT NULL,
  `intake_id` char(32) NOT NULL,
  `section_id` char(32) NOT NULL,
  `contact_number` int unsigned DEFAULT NULL,
  `facebook_profile` varchar(500) DEFAULT NULL,
  PRIMARY KEY (`uid`),
  UNIQUE KEY `personal_id` (`personal_id`),
  UNIQUE KEY `users_student_account_id_4b71b2c3_uniq` (`account_id`),
  KEY `users_student_department_id_6aa3ffc2_fk_users_departments_uid` (`department_id`),
  KEY `users_student_intake_id_7cc61ebe_fk_users_intakes_uid` (`intake_id`),
  KEY `users_student_section_id_f14da1d0_fk_users_sections_uid` (`section_id`),
  CONSTRAINT `users_student_account_id_4b71b2c3_fk_users_profile_uid` FOREIGN KEY (`account_id`) REFERENCES `users_profile` (`uid`),
  CONSTRAINT `users_student_department_id_6aa3ffc2_fk_users_departments_uid` FOREIGN KEY (`department_id`) REFERENCES `users_departments` (`uid`),
  CONSTRAINT `users_student_intake_id_7cc61ebe_fk_users_intakes_uid` FOREIGN KEY (`intake_id`) REFERENCES `users_intakes` (`uid`),
  CONSTRAINT `users_student_section_id_f14da1d0_fk_users_sections_uid` FOREIGN KEY (`section_id`) REFERENCES `users_sections` (`uid`),
  CONSTRAINT `users_student_chk_1` CHECK ((`contact_number` >= 0))
) ENGINE=InnoDB DEFAULT CHARSET=utf8mb4 COLLATE=utf8mb4_0900_ai_ci;
/*!40101 SET character_set_client = @saved_cs_client */;

--
-- Dumping data for table `users_student`
--

LOCK TABLES `users_student` WRITE;
/*!40000 ALTER TABLE `users_student` DISABLE KEYS */;
INSERT INTO `users_student` VALUES ('86f1724179404f8cbcb43f6cdfc7b491','2024-05-01 06:33:44.439853','2024-05-01 06:33:57.221358','21224103999','male','avatar-male.svg','Unknown CR','Day',1,'e0fc75c1b06f4a338a08e95f20edbf77','2e07552bb5ef4a6999badcaa0ffa2e92','4cc56507ee6c4ea0b9eb2db4ecb618a0','e0ba33d6a93f4afd85880ffcff7b6e70',161099999,NULL);
/*!40000 ALTER TABLE `users_student` ENABLE KEYS */;
UNLOCK TABLES;

--
-- Table structure for table `users_teacher`
--

DROP TABLE IF EXISTS `users_teacher`;
/*!40101 SET @saved_cs_client     = @@character_set_client */;
/*!50503 SET character_set_client = utf8mb4 */;
CREATE TABLE `users_teacher` (
  `uid` char(32) NOT NULL,
  `created_at` datetime(6) NOT NULL,
  `updated_at` datetime(6) NOT NULL,
  `personal_id` varchar(150) NOT NULL,
  `gender` varchar(50) DEFAULT NULL,
  `image` varchar(100) DEFAULT NULL,
  `name` varchar(350) NOT NULL,
  `is_intake_incharge` tinyint(1) NOT NULL,
  `account_id` char(32) NOT NULL,
  `department_id` char(32) NOT NULL,
  PRIMARY KEY (`uid`),
  UNIQUE KEY `personal_id` (`personal_id`),
  UNIQUE KEY `users_teacher_account_id_efaa0887_uniq` (`account_id`),
  KEY `users_teacher_department_id_3d096cc8_fk_users_departments_uid` (`department_id`),
  CONSTRAINT `users_teacher_account_id_efaa0887_fk_users_profile_uid` FOREIGN KEY (`account_id`) REFERENCES `users_profile` (`uid`),
  CONSTRAINT `users_teacher_department_id_3d096cc8_fk_users_departments_uid` FOREIGN KEY (`department_id`) REFERENCES `users_departments` (`uid`)
) ENGINE=InnoDB DEFAULT CHARSET=utf8mb4 COLLATE=utf8mb4_0900_ai_ci;
/*!40101 SET character_set_client = @saved_cs_client */;

--
-- Dumping data for table `users_teacher`
--

LOCK TABLES `users_teacher` WRITE;
/*!40000 ALTER TABLE `users_teacher` DISABLE KEYS */;
/*!40000 ALTER TABLE `users_teacher` ENABLE KEYS */;
UNLOCK TABLES;

--
-- Table structure for table `users_user`
--

DROP TABLE IF EXISTS `users_user`;
/*!40101 SET @saved_cs_client     = @@character_set_client */;
/*!50503 SET character_set_client = utf8mb4 */;
CREATE TABLE `users_user` (
  `id` bigint NOT NULL AUTO_INCREMENT,
  `password` varchar(128) NOT NULL,
  `last_login` datetime(6) DEFAULT NULL,
  `is_superuser` tinyint(1) NOT NULL,
  `email` varchar(254) NOT NULL,
  `is_staff` tinyint(1) NOT NULL,
  `is_active` tinyint(1) NOT NULL,
  `role` varchar(20) NOT NULL,
  PRIMARY KEY (`id`),
  UNIQUE KEY `email` (`email`)
) ENGINE=InnoDB AUTO_INCREMENT=3 DEFAULT CHARSET=utf8mb4 COLLATE=utf8mb4_0900_ai_ci;
/*!40101 SET character_set_client = @saved_cs_client */;

--
-- Dumping data for table `users_user`
--

LOCK TABLES `users_user` WRITE;
/*!40000 ALTER TABLE `users_user` DISABLE KEYS */;
INSERT INTO `users_user` VALUES (1,'pbkdf2_sha256$720000$fSH9v7XTcl30hwAkdgXogi$V3Dw/WhGcbZZdV7TE63Jtm8gWN7vRKUeV20OATiqLos=','2024-05-01 06:29:14.576124',1,'emran2320@gmail.com',1,1,'admin'),(2,'pbkdf2_sha256$720000$VY25stQy3s8pPXlo8PMftV$WGnmZHJqAzKtEgp9FfW/Cmwry34lDmBSOJuUjxrpj5Y=','2024-05-01 17:47:22.701320',0,'demo@democr.com',0,1,'cr');
/*!40000 ALTER TABLE `users_user` ENABLE KEYS */;
UNLOCK TABLES;

--
-- Table structure for table `users_user_groups`
--

DROP TABLE IF EXISTS `users_user_groups`;
/*!40101 SET @saved_cs_client     = @@character_set_client */;
/*!50503 SET character_set_client = utf8mb4 */;
CREATE TABLE `users_user_groups` (
  `id` bigint NOT NULL AUTO_INCREMENT,
  `user_id` bigint NOT NULL,
  `group_id` int NOT NULL,
  PRIMARY KEY (`id`),
  UNIQUE KEY `users_user_groups_user_id_group_id_b88eab82_uniq` (`user_id`,`group_id`),
  KEY `users_user_groups_group_id_9afc8d0e_fk_auth_group_id` (`group_id`),
  CONSTRAINT `users_user_groups_group_id_9afc8d0e_fk_auth_group_id` FOREIGN KEY (`group_id`) REFERENCES `auth_group` (`id`),
  CONSTRAINT `users_user_groups_user_id_5f6f5a90_fk_users_user_id` FOREIGN KEY (`user_id`) REFERENCES `users_user` (`id`)
) ENGINE=InnoDB DEFAULT CHARSET=utf8mb4 COLLATE=utf8mb4_0900_ai_ci;
/*!40101 SET character_set_client = @saved_cs_client */;

--
-- Dumping data for table `users_user_groups`
--

LOCK TABLES `users_user_groups` WRITE;
/*!40000 ALTER TABLE `users_user_groups` DISABLE KEYS */;
/*!40000 ALTER TABLE `users_user_groups` ENABLE KEYS */;
UNLOCK TABLES;

--
-- Table structure for table `users_user_user_permissions`
--

DROP TABLE IF EXISTS `users_user_user_permissions`;
/*!40101 SET @saved_cs_client     = @@character_set_client */;
/*!50503 SET character_set_client = utf8mb4 */;
CREATE TABLE `users_user_user_permissions` (
  `id` bigint NOT NULL AUTO_INCREMENT,
  `user_id` bigint NOT NULL,
  `permission_id` int NOT NULL,
  PRIMARY KEY (`id`),
  UNIQUE KEY `users_user_user_permissions_user_id_permission_id_43338c45_uniq` (`user_id`,`permission_id`),
  KEY `users_user_user_perm_permission_id_0b93982e_fk_auth_perm` (`permission_id`),
  CONSTRAINT `users_user_user_perm_permission_id_0b93982e_fk_auth_perm` FOREIGN KEY (`permission_id`) REFERENCES `auth_permission` (`id`),
  CONSTRAINT `users_user_user_permissions_user_id_20aca447_fk_users_user_id` FOREIGN KEY (`user_id`) REFERENCES `users_user` (`id`)
) ENGINE=InnoDB DEFAULT CHARSET=utf8mb4 COLLATE=utf8mb4_0900_ai_ci;
/*!40101 SET character_set_client = @saved_cs_client */;

--
-- Dumping data for table `users_user_user_permissions`
--

LOCK TABLES `users_user_user_permissions` WRITE;
/*!40000 ALTER TABLE `users_user_user_permissions` DISABLE KEYS */;
/*!40000 ALTER TABLE `users_user_user_permissions` ENABLE KEYS */;
UNLOCK TABLES;
/*!40103 SET TIME_ZONE=@OLD_TIME_ZONE */;

/*!40101 SET SQL_MODE=@OLD_SQL_MODE */;
/*!40014 SET FOREIGN_KEY_CHECKS=@OLD_FOREIGN_KEY_CHECKS */;
/*!40014 SET UNIQUE_CHECKS=@OLD_UNIQUE_CHECKS */;
/*!40101 SET CHARACTER_SET_CLIENT=@OLD_CHARACTER_SET_CLIENT */;
/*!40101 SET CHARACTER_SET_RESULTS=@OLD_CHARACTER_SET_RESULTS */;
/*!40101 SET COLLATION_CONNECTION=@OLD_COLLATION_CONNECTION */;
/*!40111 SET SQL_NOTES=@OLD_SQL_NOTES */;

-- Dump completed on 2024-05-01 23:49:46
